--1. Insercion de 15 tuplas para las tablas: empleado, producto, ticket, cliente, monedero.
INSERT INTO sorpresitasNavideñas.Empleado(RFC,nombre,paterno,materno,nss,fechaIngreso,fechaSalida,activo,esVendedor,esCajero,sueldo,tipoContrato)
VALUES ('HUNJ589lo54j8','Mauricio','Aguilar','Munguia',48521596,'2020-01-28','2022-02-19',FALSE,'yes','no',8000,'honorarios');
INSERT INTO sorpresitasNavideñas.Empleado(RFC,nombre,paterno,materno,nss,fechaIngreso,fechaSalida,activo,esVendedor,esCajero,sueldo,tipoContrato)
VALUES ('LOJSKIOPY4851','Arturo','Flores', 'Parra',47582465931,'2018-05-15','2025-06-26',TRUE,'no','yes', 5000,'base');
INSERT INTO sorpresitasNavideñas.Empleado(RFC,nombre,paterno,materno,nss,fechaIngreso,fechaSalida,activo,esVendedor,esCajero,sueldo,tipoContrato)
VALUES ('JUHIKONMJ5842', 'Laura', 'Mendoza', 'Garcia',58426934515,'2013-06-15','2019-09-04', FALSE,'no','yes', 4500,'base');
INSERT INTO sorpresitasNavideñas.Empleado(RFC,nombre,paterno,materno,nss,fechaIngreso,fechaSalida,activo,esVendedor,esCajero,sueldo,tipoContrato)
VALUES ('JIKOERDF584RT','Edgar','Romero','Juarez',58945625369,'2008-12-26','2026-11-30',TRUE,'yes','no',9500,'base');
INSERT INTO sorpresitasNavideñas.Empleado(RFC,nombre,paterno,materno,nss,fechaIngreso,fechaSalida,activo,esVendedor,esCajero,sueldo,tipoContrato)
VALUES ('SEDRF48596SRF','Maribel','Sanchez','Muñoz',14528963598,'2006-11-12','2012-12-06',FALSE,'yes','no',5000,'honorarios');
INSERT INTO sorpresitasNavideñas.Empleado(RFC,nombre,paterno,materno,nss,fechaIngreso,fechaSalida,activo,esVendedor,esCajero,sueldo,tipoContrato)
VALUES ('JUYHUNI584986','Isaac','Sanchez','Muñoz',48571895623,'2010-11-12','2013-12-06',FALSE,'yes','no',5500,'honorarios');
INSERT INTO sorpresitasNavideñas.Empleado(RFC,nombre,paterno,materno,nss,fechaIngreso,fechaSalida,activo,esVendedor,esCajero,sueldo,tipoContrato)
VALUES ('TGYRFTDER1547','Jorge','Sanchez','Rodriguez',48517956235,'2020-11-12','2025-12-06',TRUE,'no','yes',10000,'base');
INSERT INTO sorpresitasNavideñas.Empleado(RFC,nombre,paterno,materno,nss,fechaIngreso,fechaSalida,activo,esVendedor,esCajero,sueldo,tipoContrato)
VALUES ('JUIORFT152465','Mariana','Luna','Jaramillo',48512693451,'2010-01-10','2020-12-24',FALSE,'yes','no',7000,'honorarios');
INSERT INTO sorpresitasNavideñas.Empleado(RFC,nombre,paterno,materno,nss,fechaIngreso,fechaSalida,activo,esVendedor,esCajero,sueldo,tipoContrato)
VALUES ('UHITGY1562396','Maria del Carmen','Lopez','Herrera',84859662358,'2017-06-22','2018-02-16',FALSE,'yes','no',9000,'honorarios');
INSERT INTO sorpresitasNavideñas.Empleado(RFC,nombre,paterno,materno,nss,fechaIngreso,fechaSalida,activo,esVendedor,esCajero,sueldo,tipoContrato)
VALUES ('GYHURJ15269R8','Edith','Jaramillo','Muñoz',47815962547,'2011-11-12','2024-12-06',TRUE,'no','yes',8000,'base');
INSERT INTO sorpresitasNavideñas.Empleado(RFC,nombre,paterno,materno,nss,fechaIngreso,fechaSalida,activo,esVendedor,esCajero,sueldo,tipoContrato)
VALUES ('MFRDETG485615','Marlen','Perez','Regil',84596122587,'2018-11-11','2030-12-06',TRUE,'no','yes',4500,'base');
INSERT INTO sorpresitasNavideñas.Empleado(RFC,nombre,paterno,materno,nss,fechaIngreso,fechaSalida,activo,esVendedor,esCajero,sueldo,tipoContrato)
VALUES ('AFPRDTFU15269','Alan','Fuentes','Pastor',88965236987,'2010-04-05','2023-12-06',TRUE,'yes','no',6500,'honorarios');
INSERT INTO sorpresitasNavideñas.Empleado(RFC,nombre,paterno,materno,nss,fechaIngreso,fechaSalida,activo,esVendedor,esCajero,sueldo,tipoContrato)
VALUES ('ASP5846HUJI41','Adrian','Sola','Llanos',58465966858,'2020-11-12','2026-12-06',TRUE,'yes','no',7000,'honorarios');
INSERT INTO sorpresitasNavideñas.Empleado(RFC,nombre,paterno,materno,nss,fechaIngreso,fechaSalida,activo,esVendedor,esCajero,sueldo,tipoContrato)
VALUES ('REMJI15982647','Rafael','Espino','Mendez',78459623157,'2015-06-23','2023-12-30',TRUE,'no','yes',200,'honorarios');
INSERT INTO sorpresitasNavideñas.Empleado(RFC,nombre,paterno,materno,nss,fechaIngreso,fechaSalida,activo,esVendedor,esCajero,sueldo,tipoContrato)
VALUES ('IVLHUJ158462I','Isabel','Villamizar','Luna',78459625485,'2016-01-27','2021-12-06',FALSE,'yes','no',8500,'base');



INSERT INTO sorpresitasNavideñas.Producto(codigo,nombre,descripcion,costo,stock,marca)
VALUES ('JUIJUH4859','leche','Producto lacteo en estado liquido',16,10,'LALA');
INSERT INTO sorpresitasNavideñas.Producto(codigo,nombre,descripcion,costo,stock,marca)
VALUES ('JUIHOJL152','huevo','Alimento de orgen animal que proviene de la gallina',30,12,'La Granja');
INSERT INTO sorpresitasNavideñas.Producto(codigo,nombre,descripcion,costo,stock,marca)
VALUES ('YHUJNI5489','avena','Cereal natural',20,15,'MEX');
INSERT INTO sorpresitasNavideñas.Producto(codigo,nombre,descripcion,costo,stock,marca)
VALUES ('EDRDFT4851','arroz','Cereal natural',25,20,'Schettino');
INSERT INTO sorpresitasNavideñas.Producto(codigo,nombre,descripcion,costo,stock,marca)
VALUES ('UHIJNO1589','frijol','Leguminosa natural',22,21,'Schettino');
INSERT INTO sorpresitasNavideñas.Producto(codigo,nombre,descripcion,costo,stock,marca)
VALUES ('HUJIJK4851','yogurt','Producto lacteo',40,30,'Alpura');
INSERT INTO sorpresitasNavideñas.Producto(codigo,nombre,descripcion,costo,stock,marca)
VALUES ('POLIKO5268','leche','Producto lacteo en estado liquido',18,15,'Alpura');
INSERT INTO sorpresitasNavideñas.Producto(codigo,nombre,descripcion,costo,stock,marca)
VALUES ('IJRFT51489','estuchera','Contenedor decorado para utiles escolares',59,51,'PaperMate');
INSERT INTO sorpresitasNavideñas.Producto(codigo,nombre,descripcion,costo,stock,marca)
VALUES ('ESRDTF4785','colores','Set de lapices de colores',69,67,'Faber Castell');
INSERT INTO sorpresitasNavideñas.Producto(codigo,nombre,descripcion,costo,stock,marca)
VALUES ('RDFTG41589','jamon','Jamon de pavo presentado en rebanadas',26,21,'Carneli');
INSERT INTO sorpresitasNavideñas.Producto(codigo,nombre,descripcion,costo,stock,marca)
VALUES ('UHIJOKYJI5','quesop','Queso panela light',26,22,'LALA');
INSERT INTO sorpresitasNavideñas.Producto(codigo,nombre,descripcion,costo,stock,marca)
VALUES ('UJIHK47815','platano','Penca de platano medida kg',18,15,'Natura');
INSERT INTO sorpresitasNavideñas.Producto(codigo,nombre,descripcion,costo,stock,marca)
VALUES ('RFTD415526','cerealNesquick','Cereal procesado con chocolate presentacion en bola',40,36,'Nesquick');
INSERT INTO sorpresitasNavideñas.Producto(codigo,nombre,descripcion,costo,stock,marca)
VALUES ('ESDWQA2518','coca-cola 2L','Refresco con saborizante artificial, embase 2L',30,25,'Coca-Cola');
INSERT INTO sorpresitasNavideñas.Producto(codigo,nombre,descripcion,costo,stock,marca)
VALUES ('ESWDR47855','coca-cola 600mL','Refresco con saborizante artificial, embase 600 mL',15,14,'Coca-Cola');


INSERT INTO sorpresitasNavideñas.Monedero(correo,saldo) VALUES ('macel@gmail.com',15699);
INSERT INTO sorpresitasNavideñas.Monedero(correo,saldo) VALUES ('dragoncito@hotmail.com',2000);
INSERT INTO sorpresitasNavideñas.Monedero(correo,saldo) VALUES ('miamor@ciencias.unam.mx',1599);
INSERT INTO sorpresitasNavideñas.Monedero(correo,saldo) VALUES ('holi@gmail.com',15845);
INSERT INTO sorpresitasNavideñas.Monedero(correo,saldo) VALUES ('bichota@hotmail.com',254);
INSERT INTO sorpresitasNavideñas.Monedero(correo,saldo) VALUES ('primerx@yahoo.com.mx',1699);
INSERT INTO sorpresitasNavideñas.Monedero(correo,saldo) VALUES ('suspiro@gmail.com',1558);
INSERT INTO sorpresitasNavideñas.Monedero(correo,saldo) VALUES ('menteyalma@yahoo.com.mx',18499);
INSERT INTO sorpresitasNavideñas.Monedero(correo,saldo) VALUES ('reggaetonero@hotmail.com',1569);
INSERT INTO sorpresitasNavideñas.Monedero(correo,saldo) VALUES ('besoparati@gmail.com',18459);
INSERT INTO sorpresitasNavideñas.Monedero(correo,saldo) VALUES ('unamonos@ciencias.unam.mx',18599);
INSERT INTO sorpresitasNavideñas.Monedero(correo,saldo) VALUES ('abuelitalove@gmail.com',199);
INSERT INTO sorpresitasNavideñas.Monedero(correo,saldo) VALUES ('perritos@hotmail.com',1368);
INSERT INTO sorpresitasNavideñas.Monedero(correo,saldo) VALUES ('corazon@yahoo.com.mx',569);
INSERT INTO sorpresitasNavideñas.Monedero(correo,saldo) VALUES ('selecto@gmail.com',8451);




INSERT INTO sorpresitasNavideñas.Cliente(correo,celular,nombre,paterno,materno,nivel)VALUES('macel@gmail.com',271484857,'Mariano','Razo','Restrepo','Diamante');
INSERT INTO sorpresitasNavideñas.Cliente(correo,celular,nombre,paterno,materno,nivel)VALUES('dragoncito@hotmail.com',271748512,'Patricio','Razo','Restrepo','Diamante');
INSERT INTO sorpresitasNavideñas.Cliente(correo,celular,nombre,paterno,materno,nivel)VALUES('miamor@ciencias.unam.mx',271845962,'Paulino','Razo','Restrepo','Diamante');
INSERT INTO sorpresitasNavideñas.Cliente(correo,celular,nombre,paterno,materno,nivel)VALUES('holi@gmail.com',845962356,'Shakira','Matamoros','Alvarado','Primer Nivel');
INSERT INTO sorpresitasNavideñas.Cliente(correo,celular,nombre,paterno,materno,nivel)VALUES('bichota@hotmail.com',859452615,'Alejandro','Alvarado','Suarez','Diamante');
INSERT INTO sorpresitasNavideñas.Cliente(correo,celular,nombre,paterno,materno,nivel)VALUES('primerx@yahoo.com.mx',845012356,'Julian','Montenegro','Suarez','Primer Nivel');
INSERT INTO sorpresitasNavideñas.Cliente(correo,celular,nombre,paterno,materno,nivel)VALUES('suspiro@gmail.com',874598659,'Alfredo','Ruiz','Martinez','Primer Nivel');
INSERT INTO sorpresitasNavideñas.Cliente(correo,celular,nombre,paterno,materno,nivel)VALUES('menteyalma@yahoo.com.mx',84596236,'Axel','Didier','Hernandez','Diamante');
INSERT INTO sorpresitasNavideñas.Cliente(correo,celular,nombre,paterno,materno,nivel)VALUES('reggaetonero@hotmail.com',123456789,'Jaqueline','Hernandez','Mendez','Primer Nivel');
INSERT INTO sorpresitasNavideñas.Cliente(correo,celular,nombre,paterno,materno,nivel)VALUES('besoparati@gmail.com',987654321,'Angelica','Hernandez','Juarez','Diamante');
INSERT INTO sorpresitasNavideñas.Cliente(correo,celular,nombre,paterno,materno,nivel)VALUES('unamonos@ciencias.unam.mx',963852741,'Guadalupe','Moreno','Reyes','Diamante');
INSERT INTO sorpresitasNavideñas.Cliente(correo,celular,nombre,paterno,materno,nivel)VALUES('abuelitalove@gmail.com',741852963,'Mariana','Jaramillo','Perez','Diamante');
INSERT INTO sorpresitasNavideñas.Cliente(correo,celular,nombre,paterno,materno,nivel)VALUES('perritos@hotmail.com',147258369,'Fernando','Valadez','Juarez','Diamante');
INSERT INTO sorpresitasNavideñas.Cliente(correo,celular,nombre,paterno,materno,nivel)VALUES('corazon@yahoo.com.mx',369258147,'Jose','Perez','Sanchez','Primer Nivel');
INSERT INTO sorpresitasNavideñas.Cliente(correo,celular,nombre,paterno,materno,nivel)VALUES('selecto@gmail.com',852741654,'Ana','Reyes','Vergara','Diamante');



INSERT INTO sorpresitasNavideñas.Ticket(correo,total,metodoPago) VALUES('macel@gmail.com',485,'efectivo');
INSERT INTO sorpresitasNavideñas.Ticket(correo,total,metodoPago) VALUES('dragoncito@hotmail.com',484,'tarjeta de debido');
INSERT INTO sorpresitasNavideñas.Ticket(correo,total,metodoPago) VALUES('miamor@ciencias.unam.mx',851,'tarjeta de credito');
INSERT INTO sorpresitasNavideñas.Ticket(correo,total,metodoPago) VALUES('holi@gmail.com',8457,'tarjeta de credito');
INSERT INTO sorpresitasNavideñas.Ticket(correo,total,metodoPago) VALUES('bichota@hotmail.com',41551,'efectivo');
INSERT INTO sorpresitasNavideñas.Ticket(correo,total,metodoPago) VALUES('primerx@yahoo.com.mx',8452,'tarjeta de debido');
INSERT INTO sorpresitasNavideñas.Ticket(correo,total,metodoPago) VALUES('suspiro@gmail.com',9558,'efectivo');
INSERT INTO sorpresitasNavideñas.Ticket(correo,total,metodoPago) VALUES('menteyalma@yahoo.com.mx',5584,'tarjeta de credito');
INSERT INTO sorpresitasNavideñas.Ticket(correo,total,metodoPago) VALUES('reggaetonero@hotmail.com',8457,'efectivo');
INSERT INTO sorpresitasNavideñas.Ticket(correo,total,metodoPago) VALUES('besoparati@gmail.com',7481,'efectivo');
INSERT INTO sorpresitasNavideñas.Ticket(correo,total,metodoPago) VALUES('unamonos@ciencias.unam.mx',8596,'tarjeta de debido');
INSERT INTO sorpresitasNavideñas.Ticket(correo,total,metodoPago) VALUES('abuelitalove@gmail.com',8452,'tarjeta de credito');
INSERT INTO sorpresitasNavideñas.Ticket(correo,total,metodoPago) VALUES('perritos@hotmail.com',8475,'tarjeta de debido');
INSERT INTO sorpresitasNavideñas.Ticket(correo,total,metodoPago) VALUES('corazon@yahoo.com.mx',84751,'tarjeta de debido');
INSERT INTO sorpresitasNavideñas.Ticket(correo,total,metodoPago) VALUES('selecto@gmail.com',584,'efectivo');


INSERT INTO sorpresitasNavideñas.Vender(correo) VALUES('macel@gmail.com');
INSERT INTO sorpresitasNavideñas.Vender(correo) VALUES('dragoncito@hotmail.com');
INSERT INTO sorpresitasNavideñas.Vender(correo) VALUES('miamor@ciencias.unam.mx');
INSERT INTO sorpresitasNavideñas.Vender(correo) VALUES('holi@gmail.com');
INSERT INTO sorpresitasNavideñas.Vender(correo) VALUES('bichota@hotmail.com');
INSERT INTO sorpresitasNavideñas.Vender(correo) VALUES('primerx@yahoo.com.mx');
INSERT INTO sorpresitasNavideñas.Vender(correo) VALUES('suspiro@gmail.com');
INSERT INTO sorpresitasNavideñas.Vender(correo) VALUES('menteyalma@yahoo.com.mx');
INSERT INTO sorpresitasNavideñas.Vender(correo) VALUES('reggaetonero@hotmail.com');
INSERT INTO sorpresitasNavideñas.Vender(correo) VALUES('besoparati@gmail.com');


INSERT INTO sorpresitasNavideñas.Comprar(codigo,cantidad,costoFinal) VALUES('JUIJUH4859',3,48);
INSERT INTO sorpresitasNavideñas.Comprar(codigo,cantidad,costoFinal) VALUES('JUIHOJL152',1,30);
INSERT INTO sorpresitasNavideñas.Comprar(codigo,cantidad,costoFinal) VALUES('YHUJNI5489',2,40);
INSERT INTO sorpresitasNavideñas.Comprar(codigo,cantidad,costoFinal) VALUES('EDRDFT4851',2,50);
INSERT INTO sorpresitasNavideñas.Comprar(codigo,cantidad,costoFinal) VALUES('UHIJNO1589',1,22);
INSERT INTO sorpresitasNavideñas.Comprar(codigo,cantidad,costoFinal) VALUES('HUJIJK4851',3,120);
INSERT INTO sorpresitasNavideñas.Comprar(codigo,cantidad,costoFinal) VALUES('POLIKO5268',1,18);
INSERT INTO sorpresitasNavideñas.Comprar(codigo,cantidad,costoFinal) VALUES('IJRFT51489',1,59);
INSERT INTO sorpresitasNavideñas.Comprar(codigo,cantidad,costoFinal) VALUES('ESRDTF4785',1,69);
INSERT INTO sorpresitasNavideñas.Comprar(codigo,cantidad,costoFinal) VALUES('RFTD415526',3,120);





--Actualizacion de sueldos en la tabla empleado.
UPDATE sorpresitasNavideñas.Empleado SET sueldo = 6000 WHERE RFC = 'LOJSKIOPY4851';
UPDATE sorpresitasNavideñas.Empleado SET sueldo = 1000 WHERE RFC = 'REMJI15982647';

--Actualizacion de correo en la tabla cliente.
UPDATE sorpresitasNavideñas.Cliente SET correo = 'macelyn@gmail.com' WHERE correo = 'macel@gmail.com';
UPDATE sorpresitasNavideñas.Cliente SET correo = 'gym123@gmail.com' WHERE correo = 'dragoncito@hotmail.com';
UPDATE sorpresitasNavideñas.Cliente SET correo = 'omg48@hotmail.com' WHERE correo = 'miamor@ciencias.unam.mx';

--Actualizacion de marcas en la tabla producto
UPDATE sorpresitasNavideñas.Producto SET marca = 'Jarochito' WHERE codigo = 'ESWDR47855';
UPDATE sorpresitasNavideñas.Producto SET marca = 'FUD' WHERE codigo = 'RDFTG41589';
UPDATE sorpresitasNavideñas.Producto SET marca = 'El Mexicano' WHERE codigo = 'UHIJNO1589';

--Eliminar el/los idTicket = 4 en las tablas Vender y Comprar
DELETE FROM sorpresitasNavideñas.Vender WHERE idTicket = 4;
DELETE FROM sorpresitasNavideñas.Comprar WHERE idTicket = 4;

--Eliminar a un empleado junto con sus apariciones en las tablas Ticket y Vender
DELETE FROM sorpresitasNavideñas.Empleado WHERE noEmpleado = 2;

--Eliminar a un producto junto con sus apariciones en la tabla Comprar 
DELETE FROM sorpresitasNavideñas.Producto WHERE codigo = 'JUIJUH4859'; 